{"cameraMode":{"drawMode":0,"name":"Shaded","section":"Shading Mode"},"sceneLighting":true,"audioPlay":false,"sceneViewState":{"m_AlwaysRefresh":false,"showFog":true,"showSkybox":true,"showFlares":true,"showImageEffects":true,"showParticleSystems":true,"showVisualEffectGraphs":true,"m_FxEnabled":true},"in2DMode":false,"pivot":{"x":-117.64216613769531,"y":-35.487770080566409,"z":89.02327728271485},"rotation":{"x":-0.35710957646369936,"y":0.05422505363821983,"z":-0.02076788805425167,"w":-0.9322786331176758},"size":59.039100646972659,"orthographic":false}